id,category,image,name,price,PB
1,,http://gs25appimg.gsretail.com/imgsvr/item/GD_8801062889983_001.jpg,유어스)출출세포깡매콤달콤1500,"1,500원",GS
2,,http://gs25appimg.gsretail.com/imgsvr/item/GD_8801062889990_001.jpg,유어스)출출세포깡간장마요1500,"1,500원",GS
3,,http://gs25appimg.gsretail.com/imgsvr/item/GD_8801128280372_002.jpg,유어스(P)야쿠르트위엔저지방300,"2,000원",GS
4,,http://gs25appimg.gsretail.com/imgsvr/item/GD_8801155741235_001.jpg,유어스)스누피오렌지주스450ML,"1,500원",GS
5,,http://gs25appimg.gsretail.com/imgsvr/item/GD_8801155741228_001.jpg,유어스)스누피사과주스450ML,"1,500원",GS
6,,http://gs25appimg.gsretail.com/imgsvr/item/GD_8801047643258_001.jpg,유어스)동물농장애묘습식(멸치),"1,500원",GS
7,,http://gs25appimg.gsretail.com/imgsvr/item/GD_8801047643241_001.jpg,유어스)동물농장애묘습식(참치),"1,500원",GS
8,,http://gs25appimg.gsretail.com/imgsvr/item/GD_8801111938204_001.jpg,유어스)고단백질브라우니1500,"1,500원",GS
9,,http://gs25appimg.gsretail.com/imgsvr/item/GD_8801111938334_001.jpg,크라운)고식이섬유바1500,"1,500원",GS
10,,http://gs25appimg.gsretail.com/imgsvr/item/GD_8802395911037_001.jpg,유어스)친환경종이컵50입,"2,500원",GS
11,,http://gs25appimg.gsretail.com/imgsvr/item/GD_8809186671071_001.jpg,유어스)차돌된장찌개300G,"3,600원",GS
12,,http://gs25appimg.gsretail.com/imgsvr/item/GD_8805684000603_002.jpg,유어스)오리엔탈콜드파스타230G,"3,300원",GS
13,,http://gs25appimg.gsretail.com/imgsvr/item/GD_8809027557212_003.jpg,아이스크림팝콘(바닐라),"1,200원",GS
14,,http://gs25appimg.gsretail.com/imgsvr/item/GD_8801068378627_001.jpg,유어스(P)허니딸기파르페,"3,200원",GS
15,,http://gs25appimg.gsretail.com/imgsvr/item/GD_8801056102579_001.JPG,유어스)맑은샘물1.0L(신),900원,GS
16,,http://gs25appimg.gsretail.com/imgsvr/item/GD_8802395913024_002.jpg,유어스)맥주종이컵20입,"2,500원",GS
