id,category,image,name,price,PB
1,과자/간식,http://gs25appimg.gsretail.com/imgsvr/item/GD_8801077449301_001.jpg,유어스)닭다리340G,"7,500원",GS
2,과자/간식,http://gs25appimg.gsretail.com/imgsvr/item/GD_8801062889983_001.jpg,유어스)출출세포깡매콤달콤1500,"1,500원",GS
3,과자/간식,http://gs25appimg.gsretail.com/imgsvr/item/GD_8801062889990_001.jpg,유어스)출출세포깡간장마요1500,"1,500원",GS
4,과자/간식,http://gs25appimg.gsretail.com/imgsvr/item/GD_8801111938204_001.jpg,유어스)고단백질브라우니1500,"1,500원",GS
5,과자/간식,http://gs25appimg.gsretail.com/imgsvr/item/GD_8801111938334_001.jpg,크라운)고식이섬유바1500,"1,500원",GS
6,과자/간식,http://gs25appimg.gsretail.com/imgsvr/item/GD_8809186671071_001.jpg,유어스)차돌된장찌개300G,"3,600원",GS
7,과자/간식,http://gs25appimg.gsretail.com/imgsvr/item/GD_8805684000603_002.jpg,유어스)오리엔탈콜드파스타230G,"3,300원",GS
8,과자/간식,http://gs25appimg.gsretail.com/imgsvr/item/GD_8809027557212_003.jpg,아이스크림팝콘(바닐라),"1,200원",GS
9,과자/간식,http://gs25appimg.gsretail.com/imgsvr/item/GD_8801068378627_001.jpg,유어스(P)허니딸기파르페,"3,200원",GS
10,과자/간식,http://gs25appimg.gsretail.com/imgsvr/item/GD_9555319110212_001.jpg,유어스)맥스초코스틱1000,"1,000원",GS
11,과자/간식,http://gs25appimg.gsretail.com/imgsvr/item/GD_8801066058217_002.jpg,유어스)207후랑크120G,"1,800원",GS
12,과자/간식,http://gs25appimg.gsretail.com/imgsvr/item/GD_8809038475468_002.jpg,유어스)207소세지120G,"2,000원",GS
13,과자/간식,http://gs25appimg.gsretail.com/imgsvr/item/GD_8801068378924_002.jpg,유어스)핸디피자콤비네이션,"2,300원",GS
14,과자/간식,http://gs25appimg.gsretail.com/imgsvr/item/GD_8801068378917_002.jpg,유어스)핸디피자불고기,"2,300원",GS
15,과자/간식,http://gs25appimg.gsretail.com/imgsvr/item/GD_8804985555782_002.jpg,유어스)쫄깃한편육200G,"5,900원",GS
16,과자/간식,http://gs25appimg.gsretail.com/imgsvr/item/GD_8804985555676_002.jpg,유어스)부드러운순살족발200G,"7,900원",GS
17,과자/간식,http://gs25appimg.gsretail.com/imgsvr/item/GD_8801118255915_002.jpg,유어스)보석바사이다80ML,"1,000원",GS
18,과자/간식,http://gs25appimg.gsretail.com/imgsvr/item/GD_8801068378375_001.jpg,유어스(P)흑당무스케익,"2,800원",GS
19,과자/간식,http://gs25appimg.gsretail.com/imgsvr/item/GD_8809673240032_001.jpg,유어스)두부김치420G,"3,900원",GS
20,과자/간식,http://gs25appimg.gsretail.com/imgsvr/item/GD_8809673240025_001.jpg,유어스)60두부300G,"1,200원",GS
21,과자/간식,http://gs25appimg.gsretail.com/imgsvr/item/GD_8801062890965_001.jpg,유어스(P)크런키바나나콘135ML,"2,500원",GS
22,과자/간식,http://gs25appimg.gsretail.com/imgsvr/item/GD_8809287900186_001.jpg,유어스)불고기사각피자120G,"2,500원",GS
23,과자/간식,http://gs25appimg.gsretail.com/imgsvr/item/GD_8809287900179_001.jpg,유어스)콤비네이션사각피자120G,"2,500원",GS
24,과자/간식,http://gs25appimg.gsretail.com/imgsvr/item/GD_8801062890538_001.jpg,유어스(P)순우유케이크,"2,500원",GS
25,과자/간식,http://gs25appimg.gsretail.com/imgsvr/item/GD_8801068378313_001.jpg,유어스(P)바나나품은초코슈,"2,000원",GS
26,과자/간식,http://gs25appimg.gsretail.com/imgsvr/item/GD_8801118255861_002.jpg,유어스)제주청귤아이스바,"1,000원",GS
27,과자/간식,http://gs25appimg.gsretail.com/imgsvr/item/GD_8801123726905_002.jpg,Y)군산오징어매콤왕교자140G,"3,800원",GS
28,과자/간식,http://gs25appimg.gsretail.com/imgsvr/item/GD_8801206001691_001.jpg,유어스)짱구바75ML,700원,GS
29,과자/간식,http://gs25appimg.gsretail.com/imgsvr/item/GD_8801047570639_001.jpg,유어스)한컵비엔나119G,"3,000원",GS
30,과자/간식,http://gs25appimg.gsretail.com/imgsvr/item/GD_8809203950158_001.jpg,유어스(P)꽉찬단팥빵,"1,500원",GS
31,과자/간식,http://gs25appimg.gsretail.com/imgsvr/item/GD_8809090399078_001.jpg,유어스)리치머랭쿠키2000,"2,000원",GS
32,과자/간식,http://gs25appimg.gsretail.com/imgsvr/item/GD_8801068377781_005.jpg,유어스)흑당파르페,"2,900원",GS
33,과자/간식,http://gs25appimg.gsretail.com/imgsvr/item/GD_8801117646509_001.jpg,유어스)와우비틀즈500,500원,GS
34,과자/간식,http://gs25appimg.gsretail.com/imgsvr/item/GD_8809486862360_001.jpg,유어스(P)새우볶음밥230G,"3,500원",GS
35,과자/간식,http://gs25appimg.gsretail.com/imgsvr/item/GD_8809486862353_002.jpg,유어스(P)낙지볶음밥230G,"3,500원",GS
36,과자/간식,http://gs25appimg.gsretail.com/imgsvr/item/GD_8809354580280_001.jpg,유어스)모서리족발400G,"7,500원",GS
37,과자/간식,http://gs25appimg.gsretail.com/imgsvr/item/GD_8801068375749_001.jpg,유어스)김치우동243G,"2,900원",GS
38,과자/간식,http://gs25appimg.gsretail.com/imgsvr/item/GD_8801206001684_002.jpg,유어스(P)요구르트딸기바80ML,"1,500원",GS
39,과자/간식,http://gs25appimg.gsretail.com/imgsvr/item/GD_8801128280303_002.jpg,유어스(P)그랜드야쿠르트바80ML,"1,500원",GS
40,과자/간식,http://gs25appimg.gsretail.com/imgsvr/item/GD_8805584224338_002.jpg,유어스(P)티라미수빙수280ML,"3,000원",GS
41,과자/간식,http://gs25appimg.gsretail.com/imgsvr/item/GD_8413178304009_001.jpg,유어스)젤리펜슬딸기맛4500,"4,500원",GS
42,과자/간식,http://gs25appimg.gsretail.com/imgsvr/item/GD_8413178304016_001.jpg,유어스)젤리벨트사과맛4500,"4,500원",GS
43,과자/간식,http://gs25appimg.gsretail.com/imgsvr/item/GD_8809203950141_001.jpg,유어스(P)초코소라빵,"1,500원",GS
44,과자/간식,http://gs25appimg.gsretail.com/imgsvr/item/GD_8801062893041_001.jpg,유어스)헛개로확깨는껌1000,"1,000원",GS
45,과자/간식,http://gs25appimg.gsretail.com/imgsvr/item/GD_8805584224321_002.jpg,유어스(P)세부망고빙수280ML,"3,000원",GS
46,과자/간식,http://gs25appimg.gsretail.com/imgsvr/item/GD_8809102951690_001.jpg,유어스)오징어소면18G,"2,500원",GS
47,과자/간식,http://gs25appimg.gsretail.com/imgsvr/item/GD_8801019609305_001.jpg,유어스)감자칩(치즈버거)1500,"1,500원",GS
48,과자/간식,http://gs25appimg.gsretail.com/imgsvr/item/GD_8801068376982_001.jpg,유어스(P)밀푀유초코바170ML,"2,500원",GS
49,과자/간식,http://gs25appimg.gsretail.com/imgsvr/item/GD_8809106922368_001.jpg,유어스(P)팝핑캔디바(민트)70ML,"1,500원",GS
50,과자/간식,http://gs25appimg.gsretail.com/imgsvr/item/GD_8809494070252_001.jpg,유어스(P)생크림품은카스테라,"3,300원",GS
51,과자/간식,http://gs25appimg.gsretail.com/imgsvr/item/GD_8809203950134_002.jpg,유어스(P)앙버터모닝빵,"1,500원",GS
52,과자/간식,http://gs25appimg.gsretail.com/imgsvr/item/GD_8809422010558_002.jpg,유어스)스노우미니초코칩,"1,200원",GS
53,과자/간식,http://gs25appimg.gsretail.com/imgsvr/item/GD_8809110940266_001.jpg,유어스)초코에빠진강정1200,"1,200원",GS
54,과자/간식,http://gs25appimg.gsretail.com/imgsvr/item/GD_8801104664387_005.jpg,유어스(P)다크초코라즈베리바,"2,000원",GS
55,과자/간식,http://gs25appimg.gsretail.com/imgsvr/item/GD_8801104664547_002.jpg,유어스)바나나보이슈팅바85ML,"1,200원",GS
56,과자/간식,http://gs25appimg.gsretail.com/imgsvr/item/GD_8809617941704_001.jpg,유어스)NEW매일견과30입,"36,000원",GS
57,과자/간식,http://gs25appimg.gsretail.com/imgsvr/item/GD_8809617941698_002.jpg,유어스)NEW매일견과25,"1,200원",GS
58,과자/간식,http://gs25appimg.gsretail.com/imgsvr/item/GD_8809203950127_002.jpg,유어스(P)크림단팥빵,"1,500원",GS
59,과자/간식,http://gs25appimg.gsretail.com/imgsvr/item/GD_8809102951683_001.jpg,유어스)오징어스틱20G,"2,800원",GS
60,과자/간식,http://gs25appimg.gsretail.com/imgsvr/item/GD_8801308449162_001.jpg,유어스)오징어는짬뽕을좋아해33G,"3,500원",GS
61,과자/간식,http://gs25appimg.gsretail.com/imgsvr/item/GD_8805584111706_001.jpg,유어스(P)생초콜릿바70ML,"1,800원",GS
62,과자/간식,http://gs25appimg.gsretail.com/imgsvr/item/GD_8801151112060_001.jpg,유어스)갈릭홀릭콘1200,"1,200원",GS
63,과자/간식,http://gs25appimg.gsretail.com/imgsvr/item/GD_8809422010541_002.jpg,유어스)아몬드미니쿠키,"1,200원",GS
64,과자/간식,http://gs25appimg.gsretail.com/imgsvr/item/GD_8801068376517_001.jpg,유어스)단팥팬케이크,"1,200원",GS
65,과자/간식,http://gs25appimg.gsretail.com/imgsvr/item/GD_8801068376524_001.jpg,유어스)우유앙금만쥬,"1,200원",GS
66,과자/간식,http://gs25appimg.gsretail.com/imgsvr/item/GD_8801068376494_001.jpg,유어스)소프트케이크,"1,200원",GS
67,과자/간식,http://gs25appimg.gsretail.com/imgsvr/item/GD_8801068376166_001.jpg,유어스)초코칩쿠키(오리지널),"1,000원",GS
68,과자/간식,http://gs25appimg.gsretail.com/imgsvr/item/GD_8801068376548_001.jpg,유어스(P)크림치즈무스케익Kiri,"3,000원",GS
69,과자/간식,http://gs25appimg.gsretail.com/imgsvr/item/GD_8801728105556_001.jpg,유어스)블랙초코쿠키1200,"1,200원",GS
70,과자/간식,http://gs25appimg.gsretail.com/imgsvr/item/GD_8809189923337_001.jpg,유어스)나쵸살사콤보2000,"2,000원",GS
71,과자/간식,http://gs25appimg.gsretail.com/imgsvr/item/GD_8809189923344_001.jpg,유어스)나쵸치즈콤보2000,"2,000원",GS
72,과자/간식,http://gs25appimg.gsretail.com/imgsvr/item/GD_8801019514760_003.jpg,유어스)쌍쌍바다방커피맛67ML,"1,000원",GS
73,과자/간식,http://gs25appimg.gsretail.com/imgsvr/item/GD_8801068376104_001.jpg,유어스)모찌롤(Kiri크림치즈),"3,200원",GS
74,과자/간식,http://gs25appimg.gsretail.com/imgsvr/item/GD_9556439892460_001.jpg,유어스)렉서스초코크림샌드1000,"1,000원",GS
75,과자/간식,http://gs25appimg.gsretail.com/imgsvr/item/GD_9556439892477_001.jpg,유어스)렉서스리치크림샌드1000,"1,000원",GS
76,과자/간식,http://gs25appimg.gsretail.com/imgsvr/item/GD_8801268006337_001.JPG,유어스)맛있는커링1200,"1,200원",GS
77,과자/간식,http://gs25appimg.gsretail.com/imgsvr/item/GD_8809027557731_001.jpg,유어스)유채꽃팝콘,"1,200원",GS
78,과자/간식,http://gs25appimg.gsretail.com/imgsvr/item/GD_6925425476701_001.jpg,유어스)트롤리베리향구미1500,"1,500원",GS
79,과자/간식,http://gs25appimg.gsretail.com/imgsvr/item/GD_8850587001400_001.jpg,유어스)골드피그젤리파인애플맛,"1,800원",GS
80,과자/간식,http://gs25appimg.gsretail.com/imgsvr/item/GD_8850587001417_001.jpg,유어스)XXL피그젤리오렌지맛1800,"1,800원",GS
81,과자/간식,http://gs25appimg.gsretail.com/imgsvr/item/GD_8809267018566_002.jpg,유어스)직화야채곱창볶음220G,"6,900원",GS
82,과자/간식,http://gs25appimg.gsretail.com/imgsvr/item/GD_8809267018559_002.jpg,유어스)마늘닭근위볶음160G,"6,900원",GS
83,과자/간식,http://gs25appimg.gsretail.com/imgsvr/item/GD_8809027557045_001.jpg,유어스)벚꽃팝콘1200,"1,200원",GS
84,과자/간식,http://gs25appimg.gsretail.com/imgsvr/item/GD_8809038475437_002.jpg,유어스)정통프랑크소시지100G,"1,700원",GS
85,과자/간식,http://gs25appimg.gsretail.com/imgsvr/item/GD_8803404002630_002.jpg,유어스)소세지어묵바90G,"2,000원",GS
86,과자/간식,http://gs25appimg.gsretail.com/imgsvr/item/GD_8803404002623_002.jpg,유어스)치즈어묵바90G,"2,000원",GS
87,과자/간식,http://gs25appimg.gsretail.com/imgsvr/item/GD_8809038475420_002.jpg,유어스)2가지치즈소시지100G,"1,700원",GS
88,과자/간식,http://gs25appimg.gsretail.com/imgsvr/item/GD_8801019414398_001.jpg,해태)아이스쿨클린업1000,"1,000원",GS
89,과자/간식,http://gs25appimg.gsretail.com/imgsvr/item/GD_8801019414374_001.jpg,유어스)아이스쿨아카시아1000,"1,000원",GS
90,과자/간식,http://gs25appimg.gsretail.com/imgsvr/item/GD_8809297283460_002.jpg,유어스)한입고구마60G,"2,500원",GS
91,과자/간식,http://gs25appimg.gsretail.com/imgsvr/item/GD_8801308449001_001.jpg,유어스)종합안주(6종),"7,900원",GS
92,과자/간식,http://gs25appimg.gsretail.com/imgsvr/item/GD_8809581890473_003.jpg,유어스)찰진가마솥밥210G,"1,200원",GS
93,과자/간식,http://gs25appimg.gsretail.com/imgsvr/item/GD_8809203950110_001.jpg,유어스)땅콩스틱빵,"1,300원",GS
94,과자/간식,http://gs25appimg.gsretail.com/imgsvr/item/GD_8801284273638_003.jpg,유어스)볶음짬뽕면360G,"3,400원",GS
95,과자/간식,http://gs25appimg.gsretail.com/imgsvr/item/GD_8801284273621_003.jpg,유어스)유니짜장면360G,"3,400원",GS
96,과자/간식,http://gs25appimg.gsretail.com/imgsvr/item/GD_8809027557519_001.jpg,유어스)피자칩(고르곤졸라)1200,"1,200원",GS
97,과자/간식,http://gs25appimg.gsretail.com/imgsvr/item/GD_8805684010091_005.jpg,유어스)소고기미역국300G,"3,400원",GS
98,과자/간식,http://gs25appimg.gsretail.com/imgsvr/item/GD_8803718102590_001.jpg,유어스)야채크래커1200,"1,200원",GS
99,과자/간식,http://gs25appimg.gsretail.com/imgsvr/item/GD_8803718102583_001.jpg,유어스)버터쿠키1200,"1,200원",GS
100,과자/간식,http://gs25appimg.gsretail.com/imgsvr/item/GD_8801062898602_001.jpg,유어스)더블딥(체리)빼빼로1500,"1,500원",GS
101,과자/간식,http://gs25appimg.gsretail.com/imgsvr/item/GD_8809422010466_001.jpg,유어스)시카고브라우니,"1,200원",GS
102,과자/간식,http://gs25appimg.gsretail.com/imgsvr/item/GD_8801906161626_002.jpg,유어스)왕소라형스낵,"1,000원",GS
103,과자/간식,http://gs25appimg.gsretail.com/imgsvr/item/GD_8801906161633_002.jpg,유어스)고구마형스낵,"1,000원",GS
104,과자/간식,http://gs25appimg.gsretail.com/imgsvr/item/GD_8801118004315_001.jpg,유어스)마늘햄김치볶음밥225G,"3,700원",GS
105,과자/간식,http://gs25appimg.gsretail.com/imgsvr/item/GD_8801118004339_001.jpg,유어스)소불고기볶음밥225G,"3,700원",GS
106,과자/간식,http://gs25appimg.gsretail.com/imgsvr/item/GD_8809422010459_003.jpg,유어스(P)떠먹는치즈케이크,"3,500원",GS
107,과자/간식,http://gs25appimg.gsretail.com/imgsvr/item/GD_4000512310051_001.jpg,유어스)트롤리ABC젤리1500,"1,500원",GS
108,과자/간식,http://gs25appimg.gsretail.com/imgsvr/item/GD_8801123310241_001.jpg,유어스)에센소시지140G,"3,400원",GS
109,과자/간식,http://gs25appimg.gsretail.com/imgsvr/item/GD_8801104308762_001.jpg,유어스(P)끌레도르와플콘밀크,"2,500원",GS
110,과자/간식,http://gs25appimg.gsretail.com/imgsvr/item/GD_8801077897003_001.jpg,유어스)직화로구운불닭봉250G,"7,500원",GS
111,과자/간식,http://gs25appimg.gsretail.com/imgsvr/item/GD_8802456107096_001.jpg,유어스)청양고추쇠고기육포30G,"3,500원",GS
112,과자/간식,http://gs25appimg.gsretail.com/imgsvr/item/GD_8804888000785_001.jpg,유어스)후추닭가슴살육포30G,"3,000원",GS
113,과자/간식,http://gs25appimg.gsretail.com/imgsvr/item/GD_8809297977369_001.jpg,유어스)참숯에구운숯불구이170G,"6,900원",GS
114,과자/간식,http://gs25appimg.gsretail.com/imgsvr/item/GD_8801068372199_001.jpg,유어스)모찌롤(초코),"3,000원",GS
115,과자/간식,http://gs25appimg.gsretail.com/imgsvr/item/GD_8850425010588_002.jpg,유어스)망고스틴젤리500,500원,GS
116,과자/간식,http://gs25appimg.gsretail.com/imgsvr/item/GD_8809027557380_001.jpg,유어스)피자칩,"1,200원",GS
117,과자/간식,http://gs25appimg.gsretail.com/imgsvr/item/GD_8801728105525_001.jpg,유어스)더블티라미슈,"1,500원",GS
118,과자/간식,http://gs25appimg.gsretail.com/imgsvr/item/GD_8809243172565_001.jpg,유어스)오븐에구운파운드,"1,000원",GS
119,과자/간식,http://gs25appimg.gsretail.com/imgsvr/item/GD_8809102951515_001.jpg,유어스)대왕오징어다리50G,"5,900원",GS
120,과자/간식,http://gs25appimg.gsretail.com/imgsvr/item/GD_8801133004857_001.jpg,유어스)바질페스토맛아몬드20G,"1,200원",GS
121,과자/간식,http://gs25appimg.gsretail.com/imgsvr/item/GD_8801068371451_001.jpg,유어스)한입가득슈(플레인),"2,200원",GS
122,과자/간식,http://gs25appimg.gsretail.com/imgsvr/item/GD_8801151112046_001.jpg,유어스)뻥이요,"1,200원",GS
123,과자/간식,http://gs25appimg.gsretail.com/imgsvr/item/GD_8801204903119_002.jpg,유어스)피그칩1500,"1,500원",GS
124,과자/간식,http://gs25appimg.gsretail.com/imgsvr/item/GD_8804888000532_001.jpg,유어스)코주부햄바이트40G,"2,800원",GS
125,과자/간식,http://gs25appimg.gsretail.com/imgsvr/item/GD_8809297977291_001.jpg,유어스)삼계탕1KG,"9,300원",GS
126,과자/간식,http://gs25appimg.gsretail.com/imgsvr/item/GD_8809443710147_001.jpg,유어스)자꾸자꾸떡볶이300G,"2,000원",GS
127,과자/간식,http://gs25appimg.gsretail.com/imgsvr/item/GD_8801077686805_001.jpg,유어스)매운불맛후랑크115G,"1,700원",GS
128,과자/간식,http://gs25appimg.gsretail.com/imgsvr/item/GD_8801068370362_001.jpg,유어스)가락우동232G,"2,200원",GS
129,과자/간식,http://gs25appimg.gsretail.com/imgsvr/item/GD_8801062016341_001.jpg,유어스)포레누아,"3,000원",GS
130,과자/간식,http://gs25appimg.gsretail.com/imgsvr/item/GD_8801062015306_002.jpg,유어스)크런키녹차바,"1,800원",GS
131,과자/간식,http://gs25appimg.gsretail.com/imgsvr/item/GD_8801062015290_001.jpg,유어스)크런키민트바,"1,800원",GS
132,과자/간식,http://gs25appimg.gsretail.com/imgsvr/item/GD_8801728105495_001.jpg,유어스)콘스낵,"1,200원",GS
133,과자/간식,http://gs25appimg.gsretail.com/imgsvr/item/GD_8801062015153_001.jpg,유어스)핑크죠스바85ml,"1,000원",GS
134,과자/간식,http://gs25appimg.gsretail.com/imgsvr/item/GD_8809396240548_001.jpg,유어스)직화로구운불막창200G,"7,900원",GS
135,과자/간식,http://gs25appimg.gsretail.com/imgsvr/item/GD_8805584224314_001.jpg,유어스(P)딸기뷔페빙수,"3,000원",GS
136,과자/간식,http://gs25appimg.gsretail.com/imgsvr/item/GD_8809396240531_001.jpg,유어스)직화로구운뼈없는닭발200,"7,900원",GS
137,과자/간식,http://gs25appimg.gsretail.com/imgsvr/item/GD_8809297977178_001.jpg,유어스)한옥집김치찜500G,"6,900원",GS
138,과자/간식,http://gs25appimg.gsretail.com/imgsvr/item/GD_8809574671492_002.jpg,유어스)그릴바베큐후랑크90G,"1,800원",GS
139,과자/간식,http://gs25appimg.gsretail.com/imgsvr/item/GD_8801062015146_002.jpg,유어스)완전수박바90ml,"1,000원",GS
140,과자/간식,http://gs25appimg.gsretail.com/imgsvr/item/GD_8809566600080_001.jpg,유어스)직화로구운야끼교자138G,"3,500원",GS
141,과자/간식,http://gs25appimg.gsretail.com/imgsvr/item/GD_8809203950103_001.jpg,유어스)호두앙꼬빵,"1,500원",GS
142,과자/간식,http://gs25appimg.gsretail.com/imgsvr/item/GD_8809102951096_001.jpg,유어스)매콤닭가슴살30G,"3,300원",GS
143,과자/간식,,유어스)버터갈릭팝콘(지퍼백),"4,800원",GS
144,과자/간식,http://gs25appimg.gsretail.com/imgsvr/item/GD_8809027556970_001.jpg,유어스)크림치즈팝콘,"1,200원",GS
145,과자/간식,,유어스)버터갈릭팝콘,"1,200원",GS
146,과자/간식,http://gs25appimg.gsretail.com/imgsvr/item/GD_8809422010428_002.jpg,유어스)초코미니쿠키,"1,200원",GS
147,과자/간식,http://gs25appimg.gsretail.com/imgsvr/item/GD_8801133004093_001.jpg,유어스)믹스넛480G,"6,500원",GS
148,과자/간식,http://gs25appimg.gsretail.com/imgsvr/item/GD_8801133004086_001.jpg,유어스)사차인치믹스넛25G,"1,300원",GS
149,과자/간식,http://gs25appimg.gsretail.com/imgsvr/item/GD_8801062013876_001.jpg,유어스)바움쿠헨,"1,300원",GS
150,과자/간식,http://gs25appimg.gsretail.com/imgsvr/item/GD_8809203950097_001.jpg,유어스)연유스틱빵,"1,300원",GS
151,과자/간식,http://gs25appimg.gsretail.com/imgsvr/item/GD_8801068369311_001.jpg,유어스)초코브라우니쿠키,"1,000원",GS
152,과자/간식,http://gs25appimg.gsretail.com/imgsvr/item/GD_8805684008685_001.jpg,유어스)살사후실리샐러드,"2,600원",GS
153,과자/간식,http://gs25appimg.gsretail.com/imgsvr/item/GD_8805684008692_001.jpg,유어스)갈릭펜네샐러드,"2,600원",GS
154,과자/간식,http://gs25appimg.gsretail.com/imgsvr/item/GD_8809443710130_001.jpg,유어스)맵칼어묵떡볶이220G,"2,900원",GS
155,과자/간식,http://gs25appimg.gsretail.com/imgsvr/item/GD_8809260942400_002.jpg,유어스)미니프레첼(매콤비프맛),"1,000원",GS
156,과자/간식,http://gs25appimg.gsretail.com/imgsvr/item/GD_8802456107072_002.jpg,유어스)훈제맛통육포40G,"3,500원",GS
157,과자/간식,http://gs25appimg.gsretail.com/imgsvr/item/GD_8801117343200_001.jpg,유어스)마이구미오렌지1000,"1,000원",GS
158,과자/간식,http://gs25appimg.gsretail.com/imgsvr/item/GD_8801068368734_002.jpg,유어스)모찌롤(딸기),"3,000원",GS
159,과자/간식,http://gs25appimg.gsretail.com/imgsvr/item/GD_8801308448578_002.jpg,유어스)아이스컵(185G),600원,GS
160,과자/간식,http://gs25appimg.gsretail.com/imgsvr/item/GD_8801308448585_001.jpg,유어스)아이스더큰컵(240G),700원,GS
161,과자/간식,http://gs25appimg.gsretail.com/imgsvr/item/GD_8801068368307_001.jpg,유어스)카스테라,"1,200원",GS
162,과자/간식,http://gs25appimg.gsretail.com/imgsvr/item/GD_8850587001080_001.jpg,유어스)점보베어젤리오렌지맛,"1,800원",GS
163,과자/간식,http://gs25appimg.gsretail.com/imgsvr/item/GD_8801128280020_001.jpg,유어스)그랜드야쿠르트젤리1300,"1,300원",GS
164,과자/간식,http://gs25appimg.gsretail.com/imgsvr/item/GD_8801728105280_001.jpg,유어스)치즈퐁듀1200,"1,200원",GS
165,과자/간식,http://gs25appimg.gsretail.com/imgsvr/item/GD_4000512130789_001.jpg,유어스)트롤리네온지렁이1500,"1,500원",GS
166,과자/간식,http://gs25appimg.gsretail.com/imgsvr/item/GD_4000512130697_001.jpg,유어스)트롤리바다친구1500,"1,500원",GS
167,과자/간식,http://gs25appimg.gsretail.com/imgsvr/item/GD_8805684008678_001.jpg,뭉개뭉계란콘감자샐러드,"2,600원",GS
168,과자/간식,http://gs25appimg.gsretail.com/imgsvr/item/GD_8808411503347_002.jpg,유어스)오븐에구운도너츠40G,800원,GS
169,과자/간식,http://gs25appimg.gsretail.com/imgsvr/item/GD_8804888000525_001.jpg,유어스)의성마늘육포40G,"3,400원",GS
170,과자/간식,http://gs25appimg.gsretail.com/imgsvr/item/GD_8801117796303_001.jpg,유어스)오감자(매운치즈)1500,"1,500원",GS
171,과자/간식,http://gs25appimg.gsretail.com/imgsvr/item/GD_8801111930314_001.jpg,유어스)고단백질초코바1500,"1,500원",GS
172,과자/간식,http://gs25appimg.gsretail.com/imgsvr/item/GD_8805584224178_001.jpg,유어스(P)라벨리인절미미니컵,"2,500원",GS
173,과자/간식,http://gs25appimg.gsretail.com/imgsvr/item/GD_8850425010205_002.jpg,유어스)리치젤리500,500원,GS
174,과자/간식,http://gs25appimg.gsretail.com/imgsvr/item/GD_8809545620023_001.jpg,유어스)보쌈수육320G,"8,300원",GS
175,과자/간식,http://gs25appimg.gsretail.com/imgsvr/item/GD_8801068111361_002.jpg,유어스)로얄티라미수,"3,500원",GS
176,과자/간식,http://gs25appimg.gsretail.com/imgsvr/item/GD_8801268006191_001.jpg,유어스)쌀로만든인절미,"1,000원",GS
177,과자/간식,http://gs25appimg.gsretail.com/imgsvr/item/GD_8801068110975_002.jpg,유어스)모찌롤(플레인),"2,800원",GS
178,과자/간식,http://gs25appimg.gsretail.com/imgsvr/item/GD_8805684008074_001.jpg,유어스)뭉개뭉계란고구마샐러드,"2,600원",GS
179,과자/간식,http://gs25appimg.gsretail.com/imgsvr/item/GD_8801052035772_001.jpg,유어스)꿀밤마롱글라세60G,"3,200원",GS
180,과자/간식,http://gs25appimg.gsretail.com/imgsvr/item/GD_8801019513480_001.jpg,유어스)아이스블럭파인애플,"2,000원",GS
181,과자/간식,http://gs25appimg.gsretail.com/imgsvr/item/GD_8809256675862_001.jpg,유어스)허쉬다크&화이트칩1500,"1,500원",GS
182,과자/간식,http://gs25appimg.gsretail.com/imgsvr/item/GD_8801019513459_001.jpg,유어스)아이스블럭복숭아,"2,000원",GS
183,과자/간식,http://gs25appimg.gsretail.com/imgsvr/item/GD_8805584224215_001.jpg,유어스(P)코코넛빙수,"3,000원",GS
184,과자/간식,http://gs25appimg.gsretail.com/imgsvr/item/GD_8801118253812_001.jpg,유어스)아이스워터멜론,"1,200원",GS
185,과자/간식,http://gs25appimg.gsretail.com/imgsvr/item/GD_8807203000729_001.jpg,유어스)복숭아스무디260ML,"2,300원",GS
186,과자/간식,http://gs25appimg.gsretail.com/imgsvr/item/GD_8807203000811_001.jpg,유어스)자바칩모카프라페260ML,"2,300원",GS
187,과자/간식,http://gs25appimg.gsretail.com/imgsvr/item/GD_8801068108439_001.jpg,유어스)피자킹슈퍼슈프림,"2,500원",GS
188,과자/간식,http://gs25appimg.gsretail.com/imgsvr/item/GD_8801068108446_001.jpg,유어스)피자킹매콤불닭,"2,500원",GS
189,과자/간식,http://gs25appimg.gsretail.com/imgsvr/item/GD_8801114140147_001.jpg,유어스)풀무원촉촉란100G,"1,900원",GS
190,과자/간식,http://gs25appimg.gsretail.com/imgsvr/item/GD_8805584224154_001.jpg,유어스(P)팥빙수3000,"3,000원",GS
191,과자/간식,http://gs25appimg.gsretail.com/imgsvr/item/GD_8805584436052_001.jpg,유어스)라벨리후르츠밤,"1,500원",GS
192,과자/간식,http://gs25appimg.gsretail.com/imgsvr/item/GD_8801062001576_001.jpg,유어스(P)크런키녹차2500,"2,500원",GS
193,과자/간식,http://gs25appimg.gsretail.com/imgsvr/item/GD_8801062001583_001.jpg,유어스(P)크런키초코2500,"2,500원",GS
194,과자/간식,http://gs25appimg.gsretail.com/imgsvr/item/GD_8809389490073_001.jpg,유어스)불닭크리스피치킨35G,"3,000원",GS
195,과자/간식,http://gs25appimg.gsretail.com/imgsvr/item/GD_8804888000396_002.jpg,유어스)베이컨육포30G,"3,600원",GS
196,과자/간식,http://gs25appimg.gsretail.com/imgsvr/item/GD_8801308447465_003.jpg,유어스)오징어는땅콩을(소)17G,"1,900원",GS
197,과자/간식,http://gs25appimg.gsretail.com/imgsvr/item/GD_8801308447335_004.jpg,유어스)굿다리3+1기획76G,"5,700원",GS
198,과자/간식,http://gs25appimg.gsretail.com/imgsvr/item/GD_8801308447403_002.jpg,유어스)전기구이진미오징어38G,"4,500원",GS
199,과자/간식,http://gs25appimg.gsretail.com/imgsvr/item/GD_8801308447397_002.jpg,유어스)3색오징어36G,"5,500원",GS
200,과자/간식,http://gs25appimg.gsretail.com/imgsvr/item/GD_8801308447380_002.jpg,유어스)해오징어버터구이24G,"4,000원",GS
201,과자/간식,http://gs25appimg.gsretail.com/imgsvr/item/GD_8801308447373_002.jpg,유어스)맥반석오징어24G,"4,000원",GS
202,과자/간식,http://gs25appimg.gsretail.com/imgsvr/item/GD_8801308447366_002.jpg,유어스)오징어는땅콩을(대)51G,"5,300원",GS
203,과자/간식,http://gs25appimg.gsretail.com/imgsvr/item/GD_8801308447359_002.jpg,유어스)핫다리오징어19G,"1,900원",GS
204,과자/간식,http://gs25appimg.gsretail.com/imgsvr/item/GD_8801308447342_003.jpg,유어스)오징어굿다리19G,"1,900원",GS
205,과자/간식,http://gs25appimg.gsretail.com/imgsvr/item/GD_8803718102255_001.jpg,유어스)계란과자,"1,000원",GS
206,과자/간식,http://gs25appimg.gsretail.com/imgsvr/item/GD_8801062000913_001.jpg,유어스)롯데스크류바젤리1200,"1,200원",GS
207,과자/간식,http://gs25appimg.gsretail.com/imgsvr/item/GD_8809247973342_001.jpg,유어스)호빵모양마쉬멜로초코,"2,000원",GS
208,과자/간식,http://gs25appimg.gsretail.com/imgsvr/item/GD_8809247973335_001.jpg,유어스)호빵모양마쉬멜로포도,"2,000원",GS
209,과자/간식,http://gs25appimg.gsretail.com/imgsvr/item/GD_8805684007190_001.jpg,유어스)고구마아몬드샐러드,"2,000원",GS
210,과자/간식,http://gs25appimg.gsretail.com/imgsvr/item/GD_8805684007176_001.jpg,유어스)콘샐러드,"2,000원",GS
211,과자/간식,http://gs25appimg.gsretail.com/imgsvr/item/GD_8801244315149_001.jpg,유어스)말차아몬드초코볼1600,"1,600원",GS
212,과자/간식,http://gs25appimg.gsretail.com/imgsvr/item/GD_8809228895052_001.jpg,유어스)베이컨소세지100G,"2,000원",GS
213,과자/간식,http://gs25appimg.gsretail.com/imgsvr/item/GD_8809102950303_003.jpg,유어스)특대왕쥐포2마리75G,"4,800원",GS
214,과자/간식,http://gs25appimg.gsretail.com/imgsvr/item/GD_8801104177023_024.jpg,유어스(P)끌레도르와플콘,"2,500원",GS
215,과자/간식,http://gs25appimg.gsretail.com/imgsvr/item/GD_8809102950204_002.jpg,유어스)맥주단짝먹태35G,"3,500원",GS
216,과자/간식,http://gs25appimg.gsretail.com/imgsvr/item/GD_8809027555362_002.jpg,유어스)영화관팝콘,"1,200원",GS
217,과자/간식,http://gs25appimg.gsretail.com/imgsvr/item/GD_8801068101850_001.jpg,유어스)삼립누네띠네1000,"1,000원",GS
218,과자/간식,http://gs25appimg.gsretail.com/imgsvr/item/GD_8801104303255_001.jpg,유어스)알로하와이아몬드미니컵,"2,500원",GS
219,과자/간식,http://gs25appimg.gsretail.com/imgsvr/item/GD_8802534880521_001.jpg,유어스)자일리톨통껌5000,"5,000원",GS
220,과자/간식,http://gs25appimg.gsretail.com/imgsvr/item/GD_8809470320029_002.jpg,유어스)매운소스와찰순대283G,"3,200원",GS
221,과자/간식,http://gs25appimg.gsretail.com/imgsvr/item/GD_8805584224130_003.jpg,유어스)25%망고빙수,"3,000원",GS
222,과자/간식,,유어스)아이스(봉지)165G,500원,GS
223,과자/간식,http://gs25appimg.gsretail.com/imgsvr/item/GD_8807203000033_001.jpg,유어스)스무디망고260ML,"2,300원",GS
224,과자/간식,http://gs25appimg.gsretail.com/imgsvr/item/GD_8807203000026_001.jpg,유어스)프라페카페라떼260ML,"2,300원",GS
225,과자/간식,http://gs25appimg.gsretail.com/imgsvr/item/GD_8809470320005_003.jpg,유어스)죠스떡볶이273G,"2,900원",GS
226,과자/간식,http://gs25appimg.gsretail.com/imgsvr/item/GD_8809189921227_002.jpg,유어스)왕새우칩,"1,000원",GS
227,과자/간식,http://gs25appimg.gsretail.com/imgsvr/item/GD_8801728104337_002.jpg,유어스)화이트초코렛타,"1,200원",GS
228,과자/간식,http://gs25appimg.gsretail.com/imgsvr/item/GD_8801728104092_002.jpg,유어스)바삭바삭매콤감자스틱,"1,200원",GS
229,과자/간식,http://gs25appimg.gsretail.com/imgsvr/item/GD_8801077623107_002.jpg,유어스)숯불구이후랑크115G,"1,700원",GS
230,과자/간식,http://gs25appimg.gsretail.com/imgsvr/item/GD_8809168792114.jpg,유어스)위대한핫도그II(치즈맛),"1,700원",GS
231,과자/간식,http://gs25appimg.gsretail.com/imgsvr/item/GD_8802456103029_031.jpg,유어스)바베큐직화육포30G,"2,500원",GS
232,과자/간식,http://gs25appimg.gsretail.com/imgsvr/item/GD_8801268005941_942.jpg,유어스)칠리콘스낵,"1,000원",GS
233,과자/간식,http://gs25appimg.gsretail.com/imgsvr/item/GD_8802456102909_912.jpg,유어스)슬림우육포20G,"2,500원",GS
234,과자/간식,http://gs25appimg.gsretail.com/imgsvr/item/GD_8801728103637_638.jpg,유어스)마늘바게트,"1,200원",GS
235,과자/간식,http://gs25appimg.gsretail.com/imgsvr/item/GD_8802876203354_356.jpg,유어스)신당동신(辛)떡볶이,"1,200원",GS
236,과자/간식,http://gs25appimg.gsretail.com/imgsvr/item/GD_8801728103620_624.jpg,유어스)초코렛타,"1,200원",GS
237,과자/간식,http://gs25appimg.gsretail.com/imgsvr/item/GD_8809022204401_403.jpg,유어스)매일견과25,"1,000원",GS
238,과자/간식,http://gs25appimg.gsretail.com/imgsvr/item/GD_8801244309506.jpg,유어스)로얄아몬드초코볼(밀크),"1,600원",GS
239,과자/간식,http://gs25appimg.gsretail.com/imgsvr/item/GD_8802456102541_545.jpg,유어스)민속돈육포40G,"3,800원",GS
240,과자/간식,http://gs25appimg.gsretail.com/imgsvr/item/GD_8809102953618_620.jpg,유어스)실속구운쥐포8마리75G,"5,500원",GS
241,과자/간식,http://gs25appimg.gsretail.com/imgsvr/item/GD_8801133001610.jpg,유어스)믹스너트캔135G,"4,800원",GS
